<?xml version="1.0" encoding="UTF-8"?>
<project-private xmlns="http://www.netbeans.org/ns/project-private/1">
    <editor-bookmarks xmlns="http://www.netbeans.org/ns/editor-bookmarks/2" lastBookmarkId="0"/>
    <open-files xmlns="http://www.netbeans.org/ns/projectui-open-files/2">
        <group>
            <file>file:/C:/Users/jpini/Desktop/Universidad/Segundo%20semestre/POO/Taller%20POO%201/PuntoDosFinal/ProyectoVersion1/src/GUI/CaAgotados.java</file>
            <file>file:/C:/Users/jpini/Desktop/Universidad/Segundo%20semestre/POO/Taller%20POO%201/PuntoDosFinal/ProyectoVersion1/src/GUI/VentanaCajero.java</file>
            <file>file:/C:/Users/jpini/Desktop/Universidad/Segundo%20semestre/POO/Taller%20POO%201/PuntoDosFinal/ProyectoVersion1/src/LogicaDeNegocios/Prueba.java</file>
            <file>file:/C:/Users/jpini/Desktop/Universidad/Segundo%20semestre/POO/Taller%20POO%201/PuntoDosFinal/ProyectoVersion1/src/Datos/Admin.java</file>
            <file>file:/C:/Users/jpini/Desktop/Universidad/Segundo%20semestre/POO/Taller%20POO%201/PuntoDosFinal/ProyectoVersion1/src/GUI/Facturar.java</file>
            <file>file:/C:/Users/jpini/Desktop/Universidad/Segundo%20semestre/POO/Taller%20POO%201/PuntoDosFinal/ProyectoVersion1/src/Datos/Producto.java</file>
            <file>file:/C:/Users/jpini/Desktop/Universidad/Segundo%20semestre/POO/Taller%20POO%201/PuntoDosFinal/ProyectoVersion1/src/Datos/Balance.java</file>
            <file>file:/C:/Users/jpini/Desktop/Universidad/Segundo%20semestre/POO/Taller%20POO%201/PuntoDosFinal/ProyectoVersion1/src/GUI/CaAgregar.java</file>
        </group>
    </open-files>
</project-private>
